generator,sequence_id,sequence,length,macrel_predicted_amp,known_amp_union_identity,amp_database_union_identity,liup_train_identity,liup_validation_test_identity,amp_designer_corpus_identity,known_amp_union_global_edit_similarity,known_amp_union_global_edit_reference,sequence_entropy_nats,max_residue_fraction,low_complexity_max_residue_ge_0_5,in_known_amp_union,in_amp_database_union,in_liup_train,in_liup_validation_test,in_amp_designer_corpus
LIUP-AR,aa81da2ebb5d2d59ea70,RRRRRRRRRRRR,12,False,1.0,1.0,1.0,0.6666667,1.0,1.0,RRRRRRRRRRRR,-0.0,1.0,True,True,True,True,False,True
LIUP-AR,6a9e77c67cb59fa632f9,RRRRRRRRRRRRRR,14,False,1.0,1.0,0.5,1.0,1.0,1.0,RRRRRRRRRRRRRR,-0.0,1.0,True,True,True,False,True,True
LIUP-AR,8f5a3281f295131b2f4f,KKKKKKKKKKKKK,13,False,1.0,1.0,1.0,0.46153846,1.0,1.0,KKKKKKKKKKKKK,-0.0,1.0,True,True,True,True,False,True
LIUP-AR,3795c2b47c398431f5e4,RRRRRRRRRRRRR,13,False,1.0,1.0,1.0,0.53846157,1.0,1.0,RRRRRRRRRRRRR,-0.0,1.0,True,True,True,True,False,True
LIUP-AR,fcdf406c65ac896e8b52,KKKKKKKKKKKKKK,14,False,1.0,1.0,1.0,0.42857143,1.0,1.0,KKKKKKKKKKKKKK,-0.0,1.0,True,True,True,True,False,True
LIUP-AR,c6d0791cdf291d66fa68,RIKRFWPVVIRTVVA,15,True,1.0,1.0,1.0,0.2,0.73333335,1.0,RIKRFWPVVIRTVVA,2.026229622995291,0.26666666666666666,False,True,True,True,False,False
LIUP-AR,14487f7f83aa6718439f,RIKRFWPVVIRTVVAGYNLY,20,True,1.0,1.0,1.0,0.25,0.35,1.0,RIKRFWPVVIRTVVAGYNLY,2.415052121917807,0.2,False,True,True,True,False,False
LIUP-AR,55aab95e7c6e4ffaf63b,RRWQWRMKKLGA,12,True,1.0,1.0,1.0,0.25,1.0,1.0,RRWQWRMKKLGA,1.9792045174343245,0.25,False,True,True,True,False,True
LIUP-AR,04eb8f687127449095cd,KWKLFKKIPKFLH,13,True,1.0,1.0,1.0,0.3846154,1.0,1.0,KWKLFKKIPKFLH,1.7326587201992076,0.38461538461538464,False,True,True,True,False,True
LIUP-AR,91670b9e66c2a1b0dbb2,RRPRPRPRPWWWW,13,True,1.0,1.0,1.0,0.46153846,1.0,1.0,RRPRPRPRPWWWW,1.0928305535284886,0.38461538461538464,False,True,True,True,False,True
LIUP-AR,7b6f64072345c6550d45,KKKKKKKKKKKK,12,False,1.0,1.0,1.0,0.5,1.0,1.0,KKKKKKKKKKKK,-0.0,1.0,True,True,True,True,False,True
LIUP-AR,726edc4a27b4dba6e6d9,KWKLFKKIPKFLHL,14,True,1.0,1.0,1.0,0.64285713,1.0,1.0,KWKLFKKIPKFLHL,1.7298201303799214,0.35714285714285715,False,True,True,True,False,True
LIUP-AR,2d431c3fc9180e8630ff,KRKILILIKRKRK,13,True,1.0,1.0,1.0,0.30769232,1.0,1.0,KRKILILIKRKRK,1.3322449224385329,0.38461538461538464,False,True,True,True,False,True
LIUP-AR,a6a30def3aef6252424b,KRKILILIKRKR,12,True,1.0,1.0,0.5,1.0,1.0,1.0,KRKILILIKRKR,1.3579778549873243,0.3333333333333333,False,True,True,False,True,True
LIUP-AR,972d9b9f8d192e12e268,RRRRRRRWWWWWW,13,True,1.0,1.0,1.0,0.46153846,1.0,1.0,RRRRRRRWWWWWW,0.6901856760188042,0.5384615384615384,True,True,True,True,False,True
LIUP-AR,8c5696bfc39c3670f519,RRRRRRRWWWWWWW,14,True,1.0,1.0,1.0,0.5,1.0,1.0,RRRRRRRWWWWWWW,0.6931471805599453,0.5,True,True,True,True,False,True
LIUP-AR,a29bd0ca705bb843463c,ALWKTLLKKVLKAAA,15,True,1.0,1.0,1.0,0.33333334,1.0,1.0,ALWKTLLKKVLKAAA,1.5990147122062977,0.26666666666666666,False,True,True,True,False,True
LIUP-AR,4acdfe09d398f2027981,ALWKTLLKKVLKA,13,True,1.0,1.0,1.0,0.53846157,1.0,1.0,ALWKTLLKKVLKA,1.6052071074554588,0.3076923076923077,False,True,True,True,False,True
LIUP-AR,6cf077b55db19d52fe5c,RLYRRLYRRLYRRLYR,16,True,1.0,1.0,1.0,0.375,1.0,1.0,RLYRRLYRRLYRRLYR,1.0397207708399179,0.5,True,True,True,True,False,True
LIUP-AR,35d7107f5ef7a0036ce2,ALWKTMLKKLGT,12,True,1.0,1.0,1.0,0.41666666,1.0,1.0,ALWKTMLKKLGT,1.8200759753606213,0.25,False,True,True,True,False,True
LIUP-AR,6ab34029a8af68174f14,KWKLFKKIGIGAVLKVLT,18,True,1.0,1.0,1.0,0.33333334,1.0,1.0,KWKLFKKIGIGAVLKVLT,2.0291545628109144,0.2777777777777778,False,True,True,True,False,True
LIUP-AR,a8f548153ff3211bcde9,RRRRRRRWWWWW,12,True,1.0,1.0,1.0,0.41666666,1.0,1.0,RRRRRRRWWWWW,0.6791932659915256,0.5833333333333334,True,True,True,True,False,True
LIUP-AR,95fa88e350cc24877316,KWKLFKKIPLKKF,13,True,1.0,1.0,1.0,0.3846154,1.0,1.0,KWKLFKKIPLKKF,1.5247073930301438,0.46153846153846156,False,True,True,True,False,True
LIUP-AR,3ba88e7abd71fce35f8c,RRRRRRRRRRRRRRRWWW,18,False,1.0,1.0,1.0,0.6666667,1.0,1.0,RRRRRRRRRRRRRRRWWW,0.45056120886630463,0.8333333333333334,True,True,True,True,False,True
LIUP-AR,4af8a07687323dca260d,RIKRFWPVVIRTVVAGY,17,True,1.0,1.0,1.0,0.1764706,1.0,1.0,RIKRFWPVVIRTVVAGY,2.2316069516089345,0.23529411764705882,False,True,True,True,False,True
LIUP-AR,75a57bafd5185317f3cb,KKKVVFKVKFKK,12,True,1.0,1.0,1.0,0.41666666,1.0,1.0,KKKVVFKVKFKK,0.9596147939120492,0.5833333333333334,True,True,True,True,False,True
LIUP-AR,592f401c04b54298660a,KWKLFKKIGAVLKV,14,True,1.0,0.64285713,1.0,0.64285713,0.64285713,1.0,KWKLFKKIGAVLKV,1.8662160235859524,0.35714285714285715,False,True,False,True,False,False
LIUP-AR,d23df5b3294af8fd8c26,FFRRFFRRFFRR,12,False,1.0,1.0,1.0,0.41666666,1.0,1.0,FFRRFFRRFFRR,0.6931471805599453,0.5,True,True,True,True,False,True
LIUP-AR,96d59ed6093424448698,KIAKIAGKIAKIAGKIA,17,True,1.0,1.0,0.5882353,0.4117647,1.0,1.0,KIAKIAGKIAKIAGKIA,1.3315743412543692,0.29411764705882354,False,True,True,False,False,True
